{"name":"56c2c897-9381-4220-bef3-6f20ce76949e","id":"/providers/Microsoft.Flow/flows/56c2c897-9381-4220-bef3-6f20ce76949e","type":"Microsoft.Flow/flows","properties":{"apiId":"/providers/Microsoft.PowerApps/apis/shared_logicflows","displayName":"RUNFLOW","definition":{"metadata":{"workflowEntityId":null,"processAdvisorMetadata":null,"flowChargedByPaygo":null,"flowclientsuspensionreason":"None","flowclientsuspensiontime":null,"flowclientsuspensionreasondetails":null,"creator":{"id":"c9c5d5fb-edc9-436d-9958-5dc1e57bcf4c","type":"User","tenantId":"840f444f-3c56-46d7-a120-3448ecc8e653"},"provisioningMethod":"FromDefinition","failureAlertSubscription":true,"clientLastModifiedTime":"2024-01-30T10:24:13.227792Z","connectionKeySavedTimeKey":"2024-01-30T10:24:13.227792Z"},"$schema":"https://schema.management.azure.com/providers/Microsoft.Logic/schemas/2016-06-01/workflowdefinition.json#","contentVersion":"1.0.0.0","parameters":{"$connections":{"defaultValue":{},"type":"Object"},"$authentication":{"defaultValue":{},"type":"SecureObject"}},"triggers":{"manual":{"metadata":{"operationMetadataId":"716062bc-9e3e-45f9-965c-162bf2d65b81"},"type":"Request","kind":"PowerAppV2","inputs":{"schema":{"type":"object","properties":{"text":{"title":"TO","type":"string","x-ms-dynamically-added":true,"description":"h","x-ms-content-hint":"TEXT"},"text_1":{"title":"SUBJECT","type":"string","x-ms-dynamically-added":true,"description":"h","x-ms-content-hint":"TEXT"},"text_2":{"title":"BODY","type":"string","x-ms-dynamically-added":true,"description":"h","x-ms-content-hint":"TEXT"},"text_3":{"title":"ACTION","type":"string","x-ms-dynamically-added":true,"description":"Please enter your input","x-ms-content-hint":"TEXT"},"text_4":{"title":"NAME","type":"string","x-ms-dynamically-added":true,"description":"Please enter your input","x-ms-content-hint":"TEXT"},"text_5":{"title":"PROJECT NAME","type":"string","x-ms-dynamically-added":true,"description":"Please enter your input","x-ms-content-hint":"TEXT"},"date":{"title":"EXPIRY DATE","type":"string","format":"date","x-ms-dynamically-added":true,"description":"30-01-2023","x-ms-content-hint":"DATE"},"text_6":{"title":"ADMIN","type":"string","x-ms-dynamically-added":true,"description":"Please enter your input","x-ms-content-hint":"TEXT"}},"required":["text","text_1","text_2","text_3","text_4","text_5","date","text_6"]}}}},"actions":{"Send_email_with_options":{"runAfter":{},"metadata":{"operationMetadataId":"34be7e57-f1b5-4ffb-9e01-496a081f167f"},"type":"OpenApiConnectionWebhook","inputs":{"host":{"apiId":"/providers/Microsoft.PowerApps/apis/shared_office365","connectionName":"shared_office365","operationId":"SendMailWithOptions"},"parameters":{"optionsEmailSubscription/Message/To":"@triggerBody()['text']","optionsEmailSubscription/Message/Subject":"@triggerBody()['text_1']","optionsEmailSubscription/Message/Options":"APPROVE,REJECT","optionsEmailSubscription/Message/Body":"@triggerBody()['text_2']","optionsEmailSubscription/Message/Importance":"Normal","optionsEmailSubscription/Message/UseOnlyHTMLMessage":true,"optionsEmailSubscription/Message/HideHTMLMessage":true,"optionsEmailSubscription/Message/ShowHTMLConfirmationDialog":true,"optionsEmailSubscription/Message/HideMicrosoftFooter":false},"authentication":{"value":"@json(decodeBase64(triggerOutputs().headers['X-MS-APIM-Tokens']))['$ConnectionKey']","type":"Raw"}}},"Condition":{"actions":{"Create_item":{"runAfter":{},"metadata":{"operationMetadataId":"ce396ba0-28c0-441e-8334-0863f00b95ae"},"type":"OpenApiConnection","inputs":{"host":{"apiId":"/providers/Microsoft.PowerApps/apis/shared_sharepointonline","connectionName":"shared_sharepointonline","operationId":"PostItem"},"parameters":{"dataset":"https://bi3data.sharepoint.com/sites/offshore-OffshoreInternsChat","table":"348ab8ec-f380-40f4-8c32-2024af316929","item/ACTION":"@triggerBody()['text_3']","item/NAME":"@triggerBody()['text_4']","item/PROJECT_NAME":"@triggerBody()['text_5']","item/STATUS":"APPROVED"},"authentication":{"value":"@json(decodeBase64(triggerOutputs().headers['X-MS-APIM-Tokens']))['$ConnectionKey']","type":"Raw"}}}},"runAfter":{"Send_email_with_options":["Succeeded"]},"expression":{"equals":["@outputs('Send_email_with_options')?['body/SelectedOption']","APPROVE"]},"metadata":{"operationMetadataId":"2ce4d453-1c02-4e72-9f02-8807950ed452"},"type":"If"}}},"connectionReferences":{"shared_office365":{"connectionName":"shared-office365-74b6b589-7e62-4bcc-a6f8-52bd5af5e431","source":"Invoker","id":"/providers/Microsoft.PowerApps/apis/shared_office365","tier":"NotSpecified"},"shared_sharepointonline":{"connectionName":"92d9dd96450247fc9cb8fdfda18958d3","source":"Invoker","id":"/providers/Microsoft.PowerApps/apis/shared_sharepointonline","tier":"NotSpecified"}},"flowFailureAlertSubscribed":false,"isManaged":false}}